Model;Make
500;Abarth
U5;Aiways
105;Alfa Romeo
115;Alfa Romeo
116;Alfa Romeo
1300;Alfa Romeo
145;Alfa Romeo
145/146;Alfa Romeo
147;Alfa Romeo
155;Alfa Romeo
156;Alfa Romeo
159;Alfa Romeo
1600;Alfa Romeo
162;Alfa Romeo
164;Alfa Romeo
166;Alfa Romeo
1750;Alfa Romeo
1900;Alfa Romeo
2000;Alfa Romeo
2600;Alfa Romeo
33;Alfa Romeo
4C;Alfa Romeo
6C;Alfa Romeo
75;Alfa Romeo
8C;Alfa Romeo
916;Alfa Romeo
Alfa 6;Alfa Romeo
Alfasud;Alfa Romeo
Alfetta/Alfa 90;Alfa Romeo
Brera;Alfa Romeo
GT;Alfa Romeo
GT Junior;Alfa Romeo
GTV;Alfa Romeo
Giulia;Alfa Romeo
Giulietta;Alfa Romeo
Mito;Alfa Romeo
Montreal;Alfa Romeo
RZ;Alfa Romeo
SZ;Alfa Romeo
Spider;Alfa Romeo
Sprint;Alfa Romeo
Stelvio;Alfa Romeo
Tonale;Alfa Romeo
A110;Alpine
A310;Alpine
A610;Alpine
Cygnet;Aston Martin
DB11;Aston Martin
DB12;Aston Martin
DB2;Aston Martin
DB4;Aston Martin
DB5;Aston Martin
DB6;Aston Martin
DB7;Aston Martin
DB9;Aston Martin
DBS;Aston Martin
DBX;Aston Martin
Rapide;Aston Martin
Speedster;Aston Martin
Valkyrie;Aston Martin
Vanquish;Aston Martin
Vantage;Aston Martin
Virage;Aston Martin
Volante;Aston Martin
Volente;Aston Martin
100;Audi
200;Audi
50;Audi
5000;Audi
60;Audi
80;Audi
90;Audi
A1;Audi
A2;Audi
A3;Audi
A4;Audi
A4 Allroad;Audi
A5;Audi
A6;Audi
A6 Allroad;Audi
A7;Audi
A8;Audi
E-tron;Audi
E-tron GT;Audi
Q1;Audi
Q2;Audi
Q3;Audi
Q4;Audi
Q4 e-tron;Audi
Q5;Audi
Q6;Audi
Q7;Audi
Q8;Audi
Quattro;Audi
R8;Audi
TT;Audi
Maestro;Austin
Metro;Austin
Mini;Austin
Montego;Austin
110;Auto Bianchi
120;Auto Bianchi
500;Auto Bianchi
A 112;Auto Bianchi
Munga;Auto Union
;Bedford
Arnage;Bentley
Azure;Bentley
Bentayga;Bentley
Brooklands;Bentley
Continental;Bentley
Derby;Bentley
Flying Spur;Bentley
Mark VI;Bentley
Mulsanne;Bentley
S1;Bentley
S2;Bentley
S3;Bentley
Speed 8;Bentley
T1;Bentley
T2;Bentley
Turbo R;Bentley
1-serie;BMW
1500;BMW
1600;BMW
1800;BMW
1802;BMW
2-serie;BMW
2-serie tourer;BMW
2000;BMW
2002;BMW
2500;BMW
2800;BMW
3-serie;BMW
4-serie;BMW
5-serie;BMW
6-serie;BMW
7-serie;BMW
8-serie;BMW
Alpina;BMW
Isetta;BMW
X-serie;BMW
X1;BMW
X2;BMW
X3;BMW
X4;BMW
X5;BMW
X6;BMW
X7;BMW
Z-serie;BMW
Z1;BMW
Z3;BMW
Z4;BMW
Z8;BMW
i3;BMW
i4;BMW
i5;BMW
i7;BMW
i8;BMW
iX;BMW
iX1;BMW
iX3;BMW
;Buick
ATTO 3;BYD
Dolphin;BYD
F3;BYD
HAN;BYD
HCE;BYD
Seal;BYD
Seal U;BYD
TANG;BYD
Yuan;BYD
e6;BYD
ATS;Cadillac
BLS;Cadillac
Brougham;Cadillac
CTS;Cadillac
Coupe de Ville;Cadillac
DTS;Cadillac
De Ville;Cadillac
Eldorado;Cadillac
Escalade;Cadillac
Fleetwood;Cadillac
Hearse;Cadillac
Park Avenue;Cadillac
SRX;Cadillac
STS;Cadillac
Sedan de Ville;Cadillac
Seville;Cadillac
XLR;Cadillac
XT4;Cadillac
XT5;Cadillac
XTS;Cadillac
CSR;Caterham
R400;Caterham
Seven;Caterham
Sport;Caterham
Super seven;Caterham
Alero;Chevrolet
Astro;Chevrolet
Aveo;Chevrolet
Belair;Chevrolet
Biscayne;Chevrolet
Blazer;Chevrolet
Bolt;Chevrolet
Camaro;Chevrolet
Caprice;Chevrolet
Captiva;Chevrolet
Cavalier;Chevrolet
Celebrity;Chevrolet
Chevelle;Chevrolet
Chevelle Malibu;Chevrolet
Chevette;Chevrolet
Chevy Van;Chevrolet
Corsica/Beretta;Chevrolet
Corvair;Chevrolet
Corvette;Chevrolet
Cruze;Chevrolet
El Camino;Chevrolet
Epica;Chevrolet
Equinox;Chevrolet
Espress;Chevrolet
Evanda;Chevrolet
Express;Chevrolet
Fleetline;Chevrolet
Fleetmaster;Chevrolet
G-van;Chevrolet
HHR;Chevrolet
Impala;Chevrolet
K5;Chevrolet
Kalos;Chevrolet
Lacetti;Chevrolet
Malibu;Chevrolet
Matiz;Chevrolet
Nova;Chevrolet
Nubira;Chevrolet
Orlando;Chevrolet
Silverado;Chevrolet
Spark;Chevrolet
Suburban;Chevrolet
Tacuma;Chevrolet
Tahoe;Chevrolet
TrailBlazer;Chevrolet
Trans Sport;Chevrolet
Traverse;Chevrolet
Trax;Chevrolet
Uplander;Chevrolet
Volt;Chevrolet
300;Chrysler
Aspen;Chrysler
Crossfire;Chrysler
ES/GTS;Chrysler
Imperial;Chrysler
Le Baron;Chrysler
Neon;Chrysler
New Yorker;Chrysler
Newport;Chrysler
PT Cruiser;Chrysler
Pacifica;Chrysler
Saratoga;Chrysler
Sebring;Chrysler
Stratus;Chrysler
Town and Country;Chrysler
Viper;Chrysler
Voyager;Chrysler
Windsor;Chrysler
10;Citroën
2CV;Citroën
AC4;Citroën
AX;Citroën
Acadiane;Citroën
Ami;Citroën
Axel;Citroën
B;Citroën
BX;Citroën
Berlingo;Citroën
C-Crosser;Citroën
C-Elysée;Citroën
C-Zero;Citroën
C1;Citroën
C15;Citroën
C2;Citroën
C25;Citroën
C3;Citroën
C3 Aircross;Citroën
C3 Picasso;Citroën
C32/C35;Citroën
C4;Citroën
C4 Aircross;Citroën
C4 Cactus;Citroën
C4 Picasso;Citroën
C4 SpaceTourer;Citroën
C5;Citroën
C5 Aircross;Citroën
C5 X;Citroën
C6;Citroën
C8;Citroën
CX;Citroën
Castelette;Citroën
Cygnus;Citroën
DS;Citroën
DS3;Citroën
DS4;Citroën
DS5;Citroën
Dyane;Citroën
Evasion;Citroën
GS;Citroën
HY;Citroën
Jumper;Citroën
Jumpy;Citroën
Mehari;Citroën
Nemo;Citroën
SM;Citroën
Saxo;Citroën
Traction Avant;Citroën
U;Citroën
Visa;Citroën
XM;Citroën
Xantia;Citroën
Xsara;Citroën
Xsara Picasso;Citroën
ZX;Citroën
ë-C4 X;Citroën
Ateca;Cupra
Born;Cupra
Formentor;Cupra
Leon;Cupra
1300;Dacia
Dokker;Dacia
Duster;Dacia
Jogger;Dacia
Lodgy;Dacia
Logan;Dacia
Sandero;Dacia
Spring;Dacia
Espero;Daewoo
Evanda;Daewoo
Kalos;Daewoo
Lacetti;Daewoo
Lanos;Daewoo
Leganza;Daewoo
Matiz;Daewoo
Nexia;Daewoo
Nubira;Daewoo
Tacuma;Daewoo
31;DAF
32;DAF
33;DAF
44;DAF
46;DAF
55;DAF
600;DAF
66;DAF
750;DAF
YA-126;DAF
YA-66;DAF
Applause;Daihatsu
Charade;Daihatsu
Charmant;Daihatsu
Copen;Daihatsu
Cuore;Daihatsu
Feroza;Daihatsu
Gran Move;Daihatsu
Materia;Daihatsu
Move;Daihatsu
Rocky;Daihatsu
Sirion;Daihatsu
Taft;Daihatsu
Terios;Daihatsu
Trevis;Daihatsu
Valéra;Daihatsu
Young RV;Daihatsu
;Daimler
1000;Datsun
100A;Datsun
1200;Datsun
120A;Datsun
120Y;Datsun
1600;Datsun
180;Datsun
200;Datsun
2000;Datsun
240Z;Datsun
260Z;Datsun
280Z;Datsun
Bluebird;Datsun
Cherry;Datsun
Fairlady;Datsun
Laurel;Datsun
Patrol;Datsun
Stanza;Datsun
Sunny;Datsun
Deauville;De Tomaso
Longchamp;De Tomaso
Pantera;De Tomaso
DMC;DeLorean
Aries;Dodge
Aspen;Dodge
Avenger;Dodge
Caliber;Dodge
Caravan;Dodge
Challenger;Dodge
Charger;Dodge
Coronet;Dodge
Dart;Dodge
Durango;Dodge
Grand Caravan;Dodge
Journey;Dodge
Nitro;Dodge
RAM;Dodge
Stealth;Dodge
Viper;Dodge
D8;Donkervoort
F22;Donkervoort
GTO;Donkervoort
S8;Donkervoort
Super 8;Donkervoort
DS 3;DS
DS 4;DS
DS 5;DS
DS 7;DS
DS 9;DS
250;Ferrari
275;Ferrari
288;Ferrari
296;Ferrari
308;Ferrari
328;Ferrari
330;Ferrari
348;Ferrari
355;Ferrari
360;Ferrari
365;Ferrari
400;Ferrari
412;Ferrari
430;Ferrari
456;Ferrari
458;Ferrari
488;Ferrari
500;Ferrari
512;Ferrari
550;Ferrari
575;Ferrari
599;Ferrari
612;Ferrari
812;Ferrari
812 Superfast;Ferrari
California;Ferrari
Dino;Ferrari
F12;Ferrari
F40;Ferrari
F50;Ferrari
F8;Ferrari
FF;Ferrari
GTB;Ferrari
GTC4 Lusso;Ferrari
LaFerrari;Ferrari
Mondial;Ferrari
Portofino;Ferrari
Purosangue;Ferrari
Roma;Ferrari
SF90;Ferrari
Testarossa;Ferrari
124;Fiat
125;Fiat
126;Fiat
127;Fiat
128;Fiat
130;Fiat
131;Fiat
132;Fiat
1500;Fiat
1600;Fiat
500;Fiat
500L;Fiat
500X;Fiat
600;Fiat
850;Fiat
900;Fiat
Argenta;Fiat
Barchetta;Fiat
Brava/Bravo;Fiat
Cinquecento;Fiat
Coupé;Fiat
Croma;Fiat
Dino;Fiat
Doblo;Fiat
Ducato;Fiat
Fiorino;Fiat
Freemont;Fiat
Idea;Fiat
Marea;Fiat
Multipla;Fiat
Palio;Fiat
Panda;Fiat
Panda 4x4;Fiat
Punto;Fiat
Qubo;Fiat
Regata;Fiat
Ritmo;Fiat
Scudo;Fiat
Sedici;Fiat
Seicento;Fiat
Spider;Fiat
Stilo;Fiat
Talento;Fiat
Tempra;Fiat
Tipo;Fiat
Topolino;Fiat
Ulysse;Fiat
Uno;Fiat
X1/9;Fiat
Karma;Fisker
Ocean;Fisker
A;Ford
Anglia;Ford
B;Ford
B-MAX;Ford
Bronco;Ford
C-MAX;Ford
Capri;Ford
Consul;Ford
Cortina;Ford
Cougar;Ford
Country;Ford
Crown;Ford
EcoSport;Ford
Edge;Ford
Escape;Ford
Escort;Ford
Expedition;Ford
Explorer;Ford
Fairlane;Ford
Fairmont;Ford
Falcon;Ford
Fiesta;Ford
Flex;Ford
Focus;Ford
Focus C-MAX;Ford
Freestar;Ford
Fusion;Ford
GT;Ford
Galaxie;Ford
Galaxy;Ford
Granada;Ford
KA;Ford
Kuga;Ford
LTD;Ford
Lincoln;Ford
Maverick;Ford
Mercury;Ford
Model T;Ford
Mondeo;Ford
Mustang;Ford
Mustang Mach-E;Ford
Orion;Ford
Pinto;Ford
Popular;Ford
Prefect;Ford
Probe;Ford
Puma;Ford
Ranger;Ford
Roadster;Ford
S-MAX;Ford
Scorpio;Ford
Sierra;Ford
T-Model;Ford
Taunus;Ford
Taurus;Ford
Thunderbird;Ford
Torino;Ford
Tourneo;Ford
Transit;Ford
Transit Connect;Ford
Tudor;Ford
Windstar;Ford
Polonez;FSO
Prima;FSO
Syrena;FSO
Acadia;GMC
Savana;GMC
Suburban;GMC
Vandura;GMC
Accord;Honda
Acura;Honda
Aerodeck estate;Honda
Beat;Honda
CR-V;Honda
CR-Z;Honda
CRX;Honda
Civic;Honda
Concerto;Honda
FR-V;Honda
HR-V;Honda
Insight;Honda
Integra;Honda
Jazz;Honda
Legend;Honda
Logo;Honda
NSX;Honda
Odyssey;Honda
Pilot;Honda
Prelude;Honda
Quintet;Honda
S2000;Honda
Shuttle;Honda
Stream;Honda
ZR-V;Honda
e;Honda
e:Ny1;Honda
E-HS9;Hongqi
;Hummer
Accent;Hyundai
Atos;Hyundai
Bayon;Hyundai
Coupé;Hyundai
Creta;Hyundai
Elantra;Hyundai
Excel;Hyundai
Galloper;Hyundai
Genesis;Hyundai
Getz;Hyundai
Grandeur;Hyundai
H100;Hyundai
Ioniq;Hyundai
Ioniq 5;Hyundai
Ioniq 6;Hyundai
Kauai;Hyundai
Kona;Hyundai
Lantra;Hyundai
Matrix;Hyundai
Nexo;Hyundai
Palisade;Hyundai
Pony;Hyundai
Santa Fe;Hyundai
Scoupé;Hyundai
Sonata;Hyundai
Staria;Hyundai
Stellar;Hyundai
Terracan;Hyundai
Trajet;Hyundai
Tucson;Hyundai
Veloster;Hyundai
Venue;Hyundai
Veracruz;Hyundai
XG;Hyundai
i10;Hyundai
i20;Hyundai
i30;Hyundai
i40;Hyundai
ix20;Hyundai
ix35;Hyundai
ix55;Hyundai
EX;Infiniti
FX;Infiniti
G;Infiniti
JX35;Infiniti
M;Infiniti
Q30;Infiniti
Q45;Infiniti
Q50;Infiniti
Q60;Infiniti
Q70;Infiniti
QX30;Infiniti
QX50;Infiniti
QX56;Infiniti
QX60;Infiniti
QX70;Infiniti
;Isuzu
E-S2;JAC
iEV7S;JAC
Daimler;Jaguar
Discovery;Jaguar
E-Pace;Jaguar
E-Type;Jaguar
F-Pace;Jaguar
F-Type;Jaguar
Freelander;Jaguar
I-Pace;Jaguar
Mark I;Jaguar
Mark II;Jaguar
Range Rover;Jaguar
Range Rover Evoque;Jaguar
Range Rover Sport;Jaguar
S-Type;Jaguar
X-Type;Jaguar
XE;Jaguar
XF;Jaguar
XJ;Jaguar
XJS;Jaguar
XK;Jaguar
Avenger;Jeep
CJ2;Jeep
CJ3;Jeep
CJ5;Jeep
CJ7;Jeep
Cherokee;Jeep
Commander;Jeep
Commando;Jeep
Compass;Jeep
Gladiator;Jeep
Grand Cherokee;Jeep
Grand Wagoneer;Jeep
Liberty;Jeep
M38;Jeep
MB;Jeep
Patriot;Jeep
Renegade;Jeep
Wagoneer;Jeep
Willy;Jeep
Wrangler;Jeep
;Jensen
Carens;Kia
Carnival;Kia
Ceed;Kia
Cerato;Kia
Clarus;Kia
EV6;Kia
EV9;Kia
Forte;Kia
Joice;Kia
K5;Kia
Magentis;Kia
Mentor;Kia
Mohave;Kia
Niro;Kia
Opirus;Kia
Optima;Kia
Picanto;Kia
Pride;Kia
Proceed;Kia
Rio;Kia
Sedona;Kia
Seltos;Kia
Sephia;Kia
Shuma;Kia
Sorento;Kia
Soul;Kia
Sportage;Kia
Stinger;Kia
Stonic;Kia
Telluride;Kia
Venga;Kia
Xceed;Kia
110;Lada
111;Lada
1117;Lada
1119;Lada
112;Lada
1200-serie;Lada
1300-serie;Lada
1500-serie;Lada
1600-serie;Lada
2100-serie;Lada
Kalina;Lada
Niva;Lada
Priora;Lada
Samara;Lada
400 GT;Lamborghini
Aventador;Lamborghini
Countach;Lamborghini
Diablo;Lamborghini
Gallardo;Lamborghini
Huracan;Lamborghini
Jalpa;Lamborghini
Jarama;Lamborghini
Miura;Lamborghini
Murcielago;Lamborghini
Urraco;Lamborghini
Urus;Lamborghini
A112;Lancia
Appia;Lancia
Beta;Lancia
Coupé;Lancia
Dedra;Lancia
Delta;Lancia
Flaminia;Lancia
Flavia;Lancia
Fulvia;Lancia
Gamma;Lancia
Kappa;Lancia
Lambda;Lancia
Lybra;Lancia
Musa;Lancia
Phedra;Lancia
Prisma;Lancia
Thema;Lancia
Thesis;Lancia
Voyager;Lancia
Ypsilon;Lancia
Zeta;Lancia
Defender;Land Rover
Defender 100 HCPU;Land Rover
Discovery;Land Rover
Discovery Sport;Land Rover
Freelander;Land Rover
Range Rover;Land Rover
Range Rover Evoque;Land Rover
Range Rover Sport;Land Rover
Range Rover Velar;Land Rover
Santana;Land Rover
;Landwind
CT;Lexus
ES;Lexus
GS;Lexus
IS;Lexus
LC;Lexus
LS;Lexus
LX;Lexus
Lfa;Lexus
NX;Lexus
RC;Lexus
RX;Lexus
RZ;Lexus
SC;Lexus
UX;Lexus
Aviator;Lincoln
Capri;Lincoln
Continental;Lincoln
Hearse;Lincoln
MKC;Lincoln
MKX;Lincoln
MKZ;Lincoln
Nautilus;Lincoln
Navigator;Lincoln
Phaethon;Lincoln
Premiere;Lincoln
Town car;Lincoln
Zephyr;Lincoln
Eclat;Lotus
Elan;Lotus
Eletre;Lotus
Elise;Lotus
Elite;Lotus
Emira;Lotus
Esprit;Lotus
Europa;Lotus
Evora;Lotus
Exige;Lotus
Seven;Lotus
Air;Lucid
1;Lynk and Co
3200 GT;Maserati
3500 GT;Maserati
430;Maserati
Biturbo;Maserati
Bora;Maserati
Cambiocorsa;Maserati
Coupé;Maserati
Ghibli;Maserati
GranCabrio;Maserati
GranSport;Maserati
GranTurismo;Maserati
Grecale;Maserati
Indy;Maserati
Khamsin;Maserati
Kyalami;Maserati
Levante;Maserati
MC Victory;Maserati
MC20;Maserati
Merak;Maserati
Mexico;Maserati
Mistral;Maserati
Quattroporte;Maserati
Sebring;Maserati
Spyder;Maserati
;Matra
;Max
EV80;Maxus
;Maybach
1000;Mazda
121;Mazda
1300;Mazda
1500;Mazda
2;Mazda
3;Mazda
323;Mazda
5;Mazda
6;Mazda
626;Mazda
818;Mazda
929;Mazda
CX-3;Mazda
CX-30;Mazda
CX-5;Mazda
CX-60;Mazda
CX-7;Mazda
CX-9;Mazda
Demio;Mazda
MPV;Mazda
MX-3;Mazda
MX-30;Mazda
MX-5;Mazda
MX-6;Mazda
Premacy;Mazda
RX-7;Mazda
RX-8;Mazda
Tribute;Mazda
Xedos;Mazda
570;Mc Laren
600LT;Mc Laren
620R;Mc Laren
650;Mc Laren
675LT;Mc Laren
720S;Mc Laren
750S;Mc Laren
765LT;Mc Laren
Artura;Mc Laren
GT;Mc Laren
MP412;Mc Laren
170;Mercedes-Benz
180-Serie;Mercedes-Benz
190-Serie;Mercedes-Benz
200-Serie;Mercedes-Benz
206-210;Mercedes-Benz
300-Serie;Mercedes-Benz
310;Mercedes-Benz
407;Mercedes-Benz
408;Mercedes-Benz
409;Mercedes-Benz
410;Mercedes-Benz
500-Serie;Mercedes-Benz
601;Mercedes-Benz
602;Mercedes-Benz
A-Klasse;Mercedes-Benz
Atego;Mercedes-Benz
B-Klasse;Mercedes-Benz
C-Klasse;Mercedes-Benz
CL;Mercedes-Benz
CLA;Mercedes-Benz
CLC;Mercedes-Benz
CLE;Mercedes-Benz
CLK;Mercedes-Benz
CLS;Mercedes-Benz
Citan;Mercedes-Benz
E-Klasse;Mercedes-Benz
EQA;Mercedes-Benz
EQB;Mercedes-Benz
EQC;Mercedes-Benz
EQE;Mercedes-Benz
EQS;Mercedes-Benz
EQT;Mercedes-Benz
EQV;Mercedes-Benz
G-Klasse;Mercedes-Benz
GL;Mercedes-Benz
GLA;Mercedes-Benz
GLB;Mercedes-Benz
GLC;Mercedes-Benz
GLE;Mercedes-Benz
GLK;Mercedes-Benz
GLS;Mercedes-Benz
GT;Mercedes-Benz
L-Serie;Mercedes-Benz
ML;Mercedes-Benz
Marco Polo;Mercedes-Benz
Maybach;Mercedes-Benz
R-Klasse;Mercedes-Benz
S-Klasse;Mercedes-Benz
SL;Mercedes-Benz
SLC;Mercedes-Benz
SLK;Mercedes-Benz
SLR;Mercedes-Benz
SLS;Mercedes-Benz
Sprinter;Mercedes-Benz
T-Klasse;Mercedes-Benz
Unimog;Mercedes-Benz
V-Klasse;Mercedes-Benz
Vaneo;Mercedes-Benz
Viano;Mercedes-Benz
Vito;Mercedes-Benz
W-114;Mercedes-Benz
W-115;Mercedes-Benz
W110;Mercedes-Benz
W111;Mercedes-Benz
W112;Mercedes-Benz
W114/115;Mercedes-Benz
W123;Mercedes-Benz
;Mercury
;Messerschmitt
4 Electric;MG
5 Electric;MG
75;MG
EHS;MG
F;MG
MGA;MG
MGB;MG
MGB Tourer;MG
MGC;MG
Magnette;MG
Marvel R;MG
Midget;MG
RV8;MG
TC;MG
TD;MG
TF;MG
Y-Type;MG
ZR;MG
ZS;MG
ZT;MG
Cabrio;Mini
Clubman;Mini
Countryman;Mini
Coupe;Mini
Mini;Mini
Paceman;Mini
3000 GT;Mitsubishi
3000GT;Mitsubishi
ASX;Mitsubishi
Carisma;Mitsubishi
Celeste;Mitsubishi
Colt;Mitsubishi
Cordia;Mitsubishi
Eclipse;Mitsubishi
Eclipse Cross;Mitsubishi
FTO;Mitsubishi
Galant;Mitsubishi
Grandis;Mitsubishi
L300;Mitsubishi
L400;Mitsubishi
Lancer;Mitsubishi
Lancer Evo;Mitsubishi
Mirage;Mitsubishi
Montero;Mitsubishi
Outlander;Mitsubishi
Pajero;Mitsubishi
Sapporo;Mitsubishi
Shogun;Mitsubishi
Sigma;Mitsubishi
Space Gear;Mitsubishi
Space Runner;Mitsubishi
Space Star;Mitsubishi
Space Wagon;Mitsubishi
Starion;Mitsubishi
Tredia;Mitsubishi
i-MIEV;Mitsubishi
Aero;Morgan
Plus 4;Morgan
Plus 6;Morgan
Plus 8;Morgan
8;Morris
850;Morris
Marina;Morris
Mini;Morris
Minor;Morris
Oxford;Morris
EL6;Nio
EL7;Nio
eS8;Nio
eT5;Nio
eT7;Nio
100NX;Nissan
200SX;Nissan
300ZX;Nissan
350Z;Nissan
370Z;Nissan
Almera;Nissan
Almera Tino;Nissan
Altima;Nissan
Ariya;Nissan
Bluebird;Nissan
Cedric;Nissan
Cherry;Nissan
Cube;Nissan
FX;Nissan
Figaro;Nissan
G35;Nissan
GT-R;Nissan
Interstar;Nissan
Juke;Nissan
Kicks;Nissan
Laurel;Nissan
Leaf;Nissan
Maxima;Nissan
Micra;Nissan
Murano;Nissan
NV200;Nissan
NV300;Nissan
NV400;Nissan
Navara;Nissan
Note;Nissan
Pathfinder;Nissan
Patrol;Nissan
Pixo;Nissan
Prairie;Nissan
Primastar;Nissan
Primera;Nissan
Pulsar;Nissan
Qashqai;Nissan
Quest;Nissan
Rogue;Nissan
Serena;Nissan
Silvia;Nissan
Skyline;Nissan
Stanza;Nissan
Sunny;Nissan
Terrano;Nissan
Townstar;Nissan
Versa;Nissan
X-Trail;Nissan
e-NV200;Nissan
Adam;Opel
Admiral;Opel
Agila;Opel
Ampera;Opel
Ampera-e;Opel
Antara;Opel
Ascona;Opel
Astra;Opel
Calibra;Opel
Cascada;Opel
Combo;Opel
Commodore;Opel
Corsa;Opel
Crossland;Opel
Crossland X;Opel
Diplomat;Opel
Frontera;Opel
GT;Opel
Grandland;Opel
Grandland X;Opel
Insignia;Opel
Kadett;Opel
Kapitan;Opel
Karl;Opel
Manta;Opel
Meriva;Opel
Mokka;Opel
Mokka X;Opel
Monterey;Opel
Monza;Opel
Movano;Opel
Olympia;Opel
Omega;Opel
Rekord;Opel
Roadster;Opel
Senator;Opel
Signum;Opel
Sintra;Opel
Speedster;Opel
Tigra;Opel
Vectra;Opel
Viva;Opel
Vivaro;Opel
Zafira;Opel
Zafira Life;Opel
;Panhard
1007;Peugeot
104;Peugeot
106;Peugeot
107;Peugeot
108;Peugeot
2008;Peugeot
201;Peugeot
202;Peugeot
203;Peugeot
204;Peugeot
205;Peugeot
206;Peugeot
207;Peugeot
208;Peugeot
3008;Peugeot
301;Peugeot
302;Peugeot
304;Peugeot
305;Peugeot
306;Peugeot
307;Peugeot
308;Peugeot
309;Peugeot
4007;Peugeot
4008;Peugeot
401;Peugeot
402;Peugeot
403;Peugeot
404;Peugeot
405;Peugeot
406;Peugeot
407;Peugeot
408;Peugeot
5008;Peugeot
504;Peugeot
505;Peugeot
508;Peugeot
604;Peugeot
605;Peugeot
607;Peugeot
806;Peugeot
807;Peugeot
Bipper;Peugeot
Boxer;Peugeot
Expert;Peugeot
J5;Peugeot
J7;Peugeot
J9;Peugeot
Partner;Peugeot
RCZ;Peugeot
Rifter;Peugeot
Traveller;Peugeot
iOn;Peugeot
;Plymouth
1;Polestar
2;Polestar
G6;Pontiac
356;Porsche
718;Porsche
911;Porsche
912;Porsche
914;Porsche
918;Porsche
924;Porsche
928;Porsche
930;Porsche
944;Porsche
964;Porsche
968;Porsche
970;Porsche
986;Porsche
987;Porsche
991;Porsche
993;Porsche
996;Porsche
997;Porsche
Boxster;Porsche
Cayenne;Porsche
Cayman;Porsche
Macan;Porsche
Panamera;Porsche
Taycan;Porsche
Velar;Range Rover
;Reliant
10;Renault
11;Renault
12;Renault
14;Renault
15;Renault
15 / 17;Renault
16;Renault
17;Renault
18;Renault
19;Renault
20;Renault
21;Renault
25;Renault
30;Renault
4;Renault
5;Renault
6;Renault
7;Renault
8;Renault
9;Renault
Alpine;Renault
Arkana;Renault
Austral;Renault
Avantime;Renault
Captur;Renault
Caravelle;Renault
Clio;Renault
Dauphine;Renault
Duster;Renault
Espace;Renault
Express;Renault
Fluence;Renault
Fluence Z.E.;Renault
Fuego;Renault
Kadjar;Renault
Kangoo;Renault
Koleos;Renault
Laguna;Renault
Logan;Renault
Master;Renault
Modus;Renault
Mégane;Renault
Mégane E-Tech;Renault
R 1062;Renault
R 1123;Renault
Safrane;Renault
Scenic;Renault
Spider;Renault
Talisman;Renault
Trafic;Renault
Twingo;Renault
Vel Satis;Renault
Wind;Renault
ZOE;Renault
20 HP;Rolls-Royce
20/25;Rolls-Royce
25/30;Rolls-Royce
40/50;Rolls-Royce
Camargue;Rolls-Royce
Corniche;Rolls-Royce
Cullinan;Rolls-Royce
Dawn;Rolls-Royce
Flying Spur;Rolls-Royce
Ghost;Rolls-Royce
Phantom;Rolls-Royce
Silver Cloud;Rolls-Royce
Silver Dawn;Rolls-Royce
Silver Ghost;Rolls-Royce
Silver Seraph;Rolls-Royce
Silver Shadow;Rolls-Royce
Silver Spirit;Rolls-Royce
Silver Spur;Rolls-Royce
Silver Wraith;Rolls-Royce
Spectre;Rolls-Royce
Wraith;Rolls-Royce
100-serie;Rover
200-serie;Rover
2000-3500;Rover
25;Rover
400-serie;Rover
45;Rover
600-serie;Rover
75;Rover
800-serie;Rover
Estate;Rover
Mini;Rover
Montego;Rover
P4;Rover
RD;Rover
SD1;Rover
Streetwise;Rover
Tourer;Rover
09/03/2024;Saab
9-4X;Saab
09/05/2024;Saab
9-7X;Saab
900;Saab
9000;Saab
96;Saab
99/90;Saab
Sonett;Saab
600;Seat
850;Seat
Alhambra;Seat
Altea;Seat
Altea XL;Seat
Arona;Seat
Arosa;Seat
Ateca;Seat
Cordoba;Seat
Exeo;Seat
Fura;Seat
Ibiza;Seat
Inca;Seat
Leon;Seat
Malaga;Seat
Marbella;Seat
Mii;Seat
Panda;Seat
Ronda;Seat
Roomster;Seat
Tarraco;Seat
Terra;Seat
Toledo;Seat
1100;Simca
1500;Simca
Horizon;Simca
105/120/130;Skoda
Citigo;Skoda
Enyaq;Skoda
Fabia;Skoda
Favorit;Skoda
Felicia;Skoda
Kamiq;Skoda
Karoq;Skoda
Kodiaq;Skoda
Octavia;Skoda
Rapid;Skoda
Roomster;Skoda
Scala;Skoda
Superb;Skoda
Yeti;Skoda
#1;Smart
City-Coupé;Smart
Forfour;Smart
Fortwo;Smart
Roadster;Smart
;Spyker
Actyon;Ssangyong
Korando;Ssangyong
Kyron;Ssangyong
Musso;Ssangyong
Rexton;Ssangyong
Rodius;Ssangyong
Tivoli;Ssangyong
Torres;Ssangyong
XLV;Ssangyong
Ascent;Subaru
B9 Tribeca;Subaru
Brz;Subaru
Forester;Subaru
Impreza;Subaru
Justy;Subaru
L-serie;Subaru
Legacy;Subaru
Levorg;Subaru
Mini Jumbo;Subaru
Outback;Subaru
SVX;Subaru
Solterra;Subaru
Trezia;Subaru
Tribeca;Subaru
Vivio;Subaru
XV;Subaru
Across;Suzuki
Alto;Suzuki
Baleno;Suzuki
Cappuccino;Suzuki
Celerio;Suzuki
Grand Vitara;Suzuki
Ignis;Suzuki
Jimny;Suzuki
Kizashi;Suzuki
LJ;Suzuki
Liana;Suzuki
S-Cross;Suzuki
SJ;Suzuki
SX4;Suzuki
Samurai;Suzuki
Splash;Suzuki
Swace;Suzuki
Swift;Suzuki
Vitara;Suzuki
Vitara X-90;Suzuki
Wagon R Plus;Suzuki
Alpine;Talbot
Horizon;Talbot
Rapier;Talbot
Samba;Talbot
Sceptre;Talbot
Solara;Talbot
Sunbeam;Talbot
Supreme;Talbot
Tagora;Talbot
Tiger;Talbot
Model 3;Tesla
Model S;Tesla
Model X;Tesla
Model Y;Tesla
Roadster;Tesla
1000;Toyota
4Runner;Toyota
Auris;Toyota
Avalon;Toyota
Avensis;Toyota
Avensis Verso;Toyota
Aygo;Toyota
Aygo X;Toyota
C-HR;Toyota
Camry;Toyota
Carina;Toyota
Celica;Toyota
Charade;Toyota
Corolla;Toyota
Corolla Verso;Toyota
Cressida;Toyota
Crown;Toyota
FJ Cruiser;Toyota
GR68;Toyota
GR86;Toyota
GS;Toyota
GT86;Toyota
GX;Toyota
Hi-Ace;Toyota
Highlander;Toyota
Hilux;Toyota
IQ;Toyota
LS;Toyota
Land Cruiser;Toyota
Lite-Ace;Toyota
MR2;Toyota
Mirai;Toyota
Paseo;Toyota
Picnic;Toyota
Previa;Toyota
Prius;Toyota
Prius Plus;Toyota
Proace;Toyota
Proace City;Toyota
RAV4;Toyota
RAV4 FunCruiser;Toyota
RX;Toyota
SC;Toyota
Sequoia;Toyota
Sienna;Toyota
Starlet;Toyota
Supra;Toyota
Tacoma;Toyota
Tercel;Toyota
Urban Cruiser;Toyota
Venza;Toyota
Verso;Toyota
Verso-S;Toyota
Yaris;Toyota
Yaris Cross;Toyota
Yaris Verso;Toyota
bZ4X;Toyota
;Triumph
;Tvr
Agila;Vauxhall
Astra;Vauxhall
Carlton;Vauxhall
Cavalier;Vauxhall
Corsa;Vauxhall
Cresta;Vauxhall
Insignia;Vauxhall
Meriva;Vauxhall
Mokka;Vauxhall
VX;Vauxhall
Vectra;Vauxhall
Velox;Vauxhall
Victor;Vauxhall
Viva;Vauxhall
Zafira;Vauxhall
Amarok;Volkswagen
Arteon;Volkswagen
Atlas;Volkswagen
Beetle;Volkswagen
Bora;Volkswagen
Buggy;Volkswagen
Caddy;Volkswagen
California;Volkswagen
Caravelle;Volkswagen
Corrado;Volkswagen
Crafter;Volkswagen
Eos;Volkswagen
Fox;Volkswagen
Golf;Volkswagen
Golf Plus;Volkswagen
Golf Sportsvan;Volkswagen
ID.3;Volkswagen
ID.4;Volkswagen
ID.5;Volkswagen
ID.6;Volkswagen
ID.7;Volkswagen
ID.Buzz;Volkswagen
Jetta;Volkswagen
Karmann Ghia;Volkswagen
Kever;Volkswagen
Kombi;Volkswagen
LT;Volkswagen
Lupo;Volkswagen
Multivan;Volkswagen
New Beetle;Volkswagen
Passat;Volkswagen
Passat CC;Volkswagen
Phaeton;Volkswagen
Polo;Volkswagen
Rabbit;Volkswagen
Santana;Volkswagen
Scirocco;Volkswagen
Sharan;Volkswagen
T-Cross;Volkswagen
T-Roc;Volkswagen
Taigo;Volkswagen
Taos;Volkswagen
Tiguan;Volkswagen
Touareg;Volkswagen
Touran;Volkswagen
Transporter;Volkswagen
Type 181;Volkswagen
Up;Volkswagen
Vento;Volkswagen
XL1;Volkswagen
142;Volvo
144;Volvo
145;Volvo
164;Volvo
1800 ES;Volvo
240-260;Volvo
340-360;Volvo
440-460;Volvo
480;Volvo
66;Volvo
740-760;Volvo
780;Volvo
850;Volvo
940-960;Volvo
Amazon;Volvo
C30;Volvo
C40;Volvo
C70;Volvo
Duett;Volvo
EX30;Volvo
P1800;Volvo
P1900;Volvo
PV 444;Volvo
PV 544;Volvo
S40/V40;Volvo
S60;Volvo
S70;Volvo
S80;Volvo
S90;Volvo
V40;Volvo
V50;Volvo
V60;Volvo
V70;Volvo
V90;Volvo
XC40;Volvo
XC60;Volvo
XC70;Volvo
XC90;Volvo
G9;XPENG
P5;XPENG
P7;XPENG
;Yue Loong
45;Yugo
55;Yugo
65;Yugo
GTL;Yugo
Yugo;Yugo
750;Zastava
1;ZEEKR
X;ZEEKR